dataset_number,task_number,dataset_filename,zero_shot_prompt,few_shot_prompt,few_shot_chain_of_thought_prompt,labelset,labelset_fullword,label_column
1,1,ds_1__task_1__training_data_relevance_final.csv,"‚ÄúContent moderation‚Äù refers to the practice of screening and monitoring content posted by users on social media sites to determine if the content should be published or not, based on specific rules and guidelines.

I will ask you to classify a tweet as RELEVANT or IRRELEVANT to the content moderation:

A: Tweet is RELEVANT if it includes: social media platforms‚Äô content moderation rules and practices, censorship, governments‚Äô regulation of online content moderation, and/or mild forms of content moderation like flagging, shadowbanning, or account suspension.

B: Tweet is IRRELEVANT if they do not refer to content moderation, as defined above. This would include, for example, a tweet by Trump that Twitter has labeled his tweet as ‚Äúdisputed‚Äù, or a tweet claiming that something is false.

Now, is the following tweet RELEVANT or IRRELEVANT to content moderation?

{text}","‚ÄúContent moderation‚Äù refers to the practice of screening and monitoring content posted by users on social media sites to determine if the content should be published or not, based on specific rules and guidelines.

I will ask you to classify a tweet as RELEVANT or IRRELEVANT to the content moderation:

A: Tweet is RELEVANT if it includes: social media platforms‚Äô content moderation rules and practices, censorship, governments‚Äô regulation of online content moderation, and/or mild forms of content moderation like flagging, shadowbanning, or account suspension.

B: Tweet is IRRELEVANT if they do not refer to content moderation, as defined above. This would include, for example, a tweet by Trump that Twitter has labeled his tweet as ‚Äúdisputed‚Äù, or a tweet claiming that something is false.

The tweets below are some examples of 'RELEVANT' or 'IRRELEVANT' texts to content moderation in the form of question and answer: 

Question: Please stop lying. We all know you can‚Äôt stand Sanders and the platform he stands for and people that support progressive policies.cBut can you at least not LIE? It‚Äôs a really bad look. Thanks.

Answer: B

Question: Hey guys, my TL is hella cluttered from all the follow backs I did this season. I‚Äôm going to reinstate my ‚Äúif you only rt content‚Äù I‚Äôm not going to follow your policy. No hard feelings and I hope you stick around, but if I unfollow you that‚Äôs likely why. ‚úåüèº

Answer: B

Question: New from Pediatrics: social media influencers generate millions of impressions for unhealthy food and drink brands through product placement. The authors call on the FTC to strengthen regulations on YouTube product placement featuring young children. https://t.co/Yicupispun

Answer: A

Question: This is a tweet from today of the sitting President of the United States accusing a respected journalist and outspoken critic of his of MURDER with NO EVIDENCE whatsoever. Zero. Twitter should immediately remove this tweet and suspend this account. This is INSANE. https://t.co/chlp7iKBXL

Answer: A

Now, is the following tweet RELEVANT or IRRELEVANT to content moderation?

{text}","‚ÄúContent moderation‚Äù refers to the practice of screening and monitoring content posted by users on social media sites to determine if the content should be published or not, based on specific rules and guidelines.

I will ask you to classify a tweet as RELEVANT or IRRELEVANT to the content moderation:

A: Tweet is RELEVANT if it includes: social media platforms‚Äô content moderation rules and practices, censorship, governments‚Äô regulation of online content moderation, and/or mild forms of content moderation like flagging, shadowbanning, or account suspension.

B: Tweet is IRRELEVANT if they do not refer to content moderation, as defined above. This would include, for example, a tweet by Trump that Twitter has labeled his tweet as ‚Äúdisputed‚Äù, or a tweet claiming that something is false.

The tweets below are some examples of 'RELEVANT' or 'IRRELEVANT' texts to content moderation in the form of question and answer: 

Question: Please stop lying. We all know you can‚Äôt stand Sanders and the platform he stands for and people that support progressive policies.cBut can you at least not LIE? It‚Äôs a really bad look. Thanks.

Answer: Based on the given criteria, the text provided is IRRELEVANT to content moderation. It doesn't discuss social media platforms' content moderation rules and practices, censorship, governments' regulation of online content moderation, or any forms of content moderation like flagging, shadowbanning, or account suspension. Instead, it appears to be a message directed at two individuals and their opinions about Sanders and progressive policies.

Question: Hey guys, my TL is hella cluttered from all the follow backs I did this season. I‚Äôm going to reinstate my ‚Äúif you only rt content‚Äù I‚Äôm not going to follow your policy. No hard feelings and I hope you stick around, but if I unfollow you that‚Äôs likely why. ‚úåüèº

Answer: Based on the given criteria, the text provided is IRRELEVANT to content moderation. It doesn't discuss social media platforms' content moderation rules and practices, censorship, governments' regulation of online content moderation, or any mild forms of content moderation like flagging, shadowbanning, or account suspension. Instead, it appears to be a personal statement about cluttered timelines and a follow-back policy on Twitter.

Question: New from Pediatrics: social media influencers generate millions of impressions for unhealthy food and drink brands through product placement. The authors call on the FTC to strengthen regulations on YouTube product placement featuring young children. https://t.co/Yicupispun

Answer: Based on the given criteria, the text provided is RELEVANT to content moderation. It discusses the impact of social media influencers and product placement on unhealthy food and drink brands. It also mentions calling on the FTC (Federal Trade Commission) to strengthen regulations on YouTube product placement featuring young children. This relates to content moderation as it involves discussing regulations and practices related to content promotion and advertising on social media platforms.

Question: This is a tweet from today of the sitting President of the United States accusing a respected journalist and outspoken critic of his of MURDER with NO EVIDENCE whatsoever. Zero. Twitter should immediately remove this tweet and suspend this account. This is INSANE. https://t.co/chlp7iKBXL

Answer: Based on the given criteria, the text provided is RELEVANT to content moderation. It discusses the actions and potential response of Twitter in relation to a tweet made by the sitting President of the United States. It addresses the need for Twitter to remove the tweet and suspend the account due to the serious accusation made without evidence. This involves discussing content moderation rules and practices, specifically regarding the removal of content and potential account suspension.

Now, is the following tweet RELEVANT or IRRELEVANT to content moderation?

{text}","A, B",RELEVANT; IRRELEVANT,relevant_ra
1,2,ds_1__task_2__training_data_problem_solution_final.csv,"‚ÄúContent moderation‚Äù refers to the practice of screening and monitoring content posted by users on social media sites to determine if the content should be published or not, based on specific rules and guidelines.

I will ask you to classify a tweet as describing content moderation as a problem, as a solution, or neither:

A: Tweet describes content moderation as a PROBLEM if they emphasize negative effects of it, such as restrictions to free speech, censorship, or the biases that can emerge from decisions regarding what users are allowed to post.

B: Tweet describes content moderation as a SOLUTION if they emphasize positive effects of it, such as protecting users from harmful content such as hate speech, misinformation, illegal adult content, or spam. 

C: Tweet describes content moderation as NEUTRAL if they do not emphasize negative or positive effects of content moderation. For example if they simply report on the content moderation activity of social media platforms without linking them to potential advantages or disadvantages for users or stakeholders.

Now, is the following tweet describing content moderation as a PROBLEM, as a SOLUTION, or NEUTRAL?

{text}","‚ÄúContent moderation‚Äù refers to the practice of screening and monitoring content posted by users on social media sites to determine if the content should be published or not, based on specific rules and guidelines.

I will ask you to classify a tweet as describing content moderation as a problem, as a solution, or neither:

A: Tweet describes content moderation as a PROBLEM if they emphasize negative effects of it, such as restrictions to free speech, censorship, or the biases that can emerge from decisions regarding what users are allowed to post.

B: Tweet describes content moderation as a SOLUTION if they emphasize positive effects of it, such as protecting users from harmful content such as hate speech, misinformation, illegal adult content, or spam. 

C: Tweet describes content moderation as NEUTRAL if they do not emphasize negative or positive effects of content moderation. For example if they simply report on the content moderation activity of social media platforms without linking them to potential advantages or disadvantages for users or stakeholders.

The following tweets are some examples of 'PROBLEM', 'SOLUTION' or 'NEUTRAL' texts about content moderation in the form of question and answer:

Question: @amerxmirza I have reported him to make sure his account gets suspended. Disgusting and derogation remarks shouldn't be tolerated. Please report. Thanks

Answer: B

Question: Channel link  https://t.co/9ms7ukCI84 please block this channel this content very harmful https://t.co/zeJ512JPPx

Answer: B

Question: Finally could restore my account. ü§¨ Why twitter even require phone number in the first place? Aren't we supposed to have a choice not to show it thus not being banned after, if twitter bots decide you're one of them? #twitter #ElonMusk #FreedomInternet

Answer: A

Question: Of all the issues we‚Äôre facing now, why‚Äôs social media regulation the goal for this people? Freedom of speech is a basic human right and any attempt to take it from Nigerians should be rejected #RejectNITDAbill #Notosocialmediaregulation

Answer: A

Question: @BotGerad @R6Jena @zxdd account suspended xd

Answer: C

Question: @elonmusk @ellagirwin  @esthercrawford there seems to have been some mistake, renowned internet love-monger @nickjfuentes was suspended from Twitter. Please do the right thing and re-instate his account for the sake of humanity üôèüòî

Answer: C

Now, is the following tweet describing content moderation as a PROBLEM, as a SOLUTION, or NEUTRAL?

{text}","‚ÄúContent moderation‚Äù refers to the practice of screening and monitoring content posted by users on social media sites to determine if the content should be published or not, based on specific rules and guidelines.

I will ask you to classify a tweet as describing content moderation as a problem, as a solution, or neither:

A: Tweet describes content moderation as a PROBLEM if they emphasize negative effects of it, such as restrictions to free speech, censorship, or the biases that can emerge from decisions regarding what users are allowed to post.

B: Tweet describes content moderation as a SOLUTION if they emphasize positive effects of it, such as protecting users from harmful content such as hate speech, misinformation, illegal adult content, or spam. 

C: Tweet describes content moderation as NEUTRAL if they do not emphasize negative or positive effects of content moderation. For example if they simply report on the content moderation activity of social media platforms without linking them to potential advantages or disadvantages for users or stakeholders.

The following tweets are some examples of 'PROBLEM', 'SOLUTION' or 'NEUTRAL' texts about content moderation in the form of question and answer:

Question: @amerxmirza I have reported him to make sure his account gets suspended. Disgusting and derogation remarks shouldn't be tolerated. Please report. Thanks

Answer: The given text can be classified as describing content moderation as a SOLUTION. It emphasizes the positive effect of content moderation by advocating for reporting and suspending the account of a user who made ""disgusting and derogatory remarks."" The text acknowledges the need to not tolerate such behavior and encourages others to report it, highlighting the protective role of content moderation in addressing harmful content.

Question: Channel link  https://t.co/9ms7ukCI84 please block this channel this content very harmful https://t.co/zeJ512JPPx

Answer: The given text can be classified as describing content moderation as a SOLUTION. It emphasizes the positive effect of content moderation by requesting the blocking of a specific channel due to its harmful content. The text recognizes the need to take action and protect users from potentially harmful content, aligning with the protective role of content moderation in addressing harmful material.

Question: Finally could restore my account. ü§¨ Why twitter even require phone number in the first place? Aren't we supposed to have a choice not to show it thus not being banned after, if twitter bots decide you're one of them? #twitter #ElonMusk #FreedomInternet

Answer: The given text can be classified as describing content moderation as a PROBLEM. It criticizes the requirement of providing a phone number by Twitter and questions the lack of choice in not showing it. The text implies frustration with the potential consequences of content moderation decisions made by Twitter bots, suggesting concerns about restrictions to freedom and potential biases in the platform's moderation practices.

Question: Of all the issues we‚Äôre facing now, why‚Äôs social media regulation the goal for this people? Freedom of speech is a basic human right and any attempt to take it from Nigerians should be rejected #RejectNITDAbill #Notosocialmediaregulation

Answer: The given text can be classified as describing content moderation as a PROBLEM. It emphasizes the negative effects of social media regulation, specifically mentioning the potential infringement on freedom of speech as a basic human right. The text opposes any attempt to take away this right from Nigerians, suggesting concerns about restrictions and censorship associated with content moderation.

Question: @BotGerad @R6Jena @zxdd account suspended xd

Answer: Based on the given text, it does not explicitly emphasize the negative or positive effects of content moderation. Instead, it simply reports the suspension of an account without further elaboration. Therefore, the text can be classified as describing content moderation as NEUTRAL, as it does not emphasize either the problems or the solutions associated with content moderation.

Question: @elonmusk @ellagirwin  @esthercrawford there seems to have been some mistake, renowned internet love-monger @nickjfuentes was suspended from Twitter. Please do the right thing and re-instate his account for the sake of humanity üôèüòî

Answer: Based on the given text, it is possible to interpret it differently. While the text does request the reinstatement of a suspended account, it does not explicitly mention any negative effects or problems related to content moderation. Therefore, an alternative classification could be that the text describes content moderation as NEUTRAL since it does not emphasize negative or positive effects. It simply requests the reinstatement of a specific account without further elaboration on the broader implications of content moderation.

Now, is the following tweet describing content moderation as a PROBLEM, as a SOLUTION, or NEUTRAL?

{text}","A, B, C",PROBLEM; SOLUTION; NEUTRAL,problem_solution_ra
1,3,ds_1__task_3__training_data_frames_final.csv,"‚ÄúContent moderation‚Äù refers to the practice of screening and monitoring content posted by users on social media sites to determine if the content should be published or not, based on specific rules and guidelines.

I will ask you to classify a tweet as one of the frames defined below:

ECONOMY: The costs, benefits, or monetary/financial implications of the issue (to an individual, family, community, or to the economy as a whole).
MORALITY: Any perspective‚Äîor policy objective or action (including proposed action)that is compelled by religious doctrine or interpretation, duty, honor, righteousness or any other sense of ethics or social responsibility.
FAIRNESS AND EQUALITY: Equality or inequality with which laws, punishment, rewards, and resources are applied or distributed among individuals or groups. Also the balance between the rights or interests of one individual or group compared to another individual or group.
POLICY PRESCRIPTION AND EVALUATION: Particular policies proposed for addressing an identified problem, and figuring out if certain policies will work, or if existing policies are effective.
LAW AND ORDER, CRIME AND JUSTICE: Specific policies in practice and their enforcement, incentives, and implications. Includes stories about enforcement and interpretation of laws by individuals and law enforcement, breaking laws, loopholes, fines, sentencing and punishment. Increases or reductions in crime.
SECURITY AND DEFENSE: Security, threats to security, and protection of one‚Äôs person, family, in-group, nation, etc. Generally an action or a call to action that can be taken to protect the welfare of a person, group, nation sometimes from a not yet manifested threat.
HEALTH AND SAFETY: Health care access and effectiveness, illness, disease, sanitation, obesity, mental health effects, prevention of or perpetuation of gun violence, infrastructure and building safety.
QUALITY OF LIFE: The effects of a policy on individuals‚Äô wealth, mobility, access to resources, happiness, social structures, ease of day-to-day routines, quality of community life, etc.
POLITICAL: Any political considerations surrounding an issue. Issue actions or efforts or stances that are political, such as partisan filibusters, lobbyist involvement, bipartisan efforts, deal-making and vote trading, appealing to one's base, mentions of political maneuvering. Explicit statements that a policy issue is good or bad for a particular political party.
EXTERNAL REGULATION AND REPUTATION: The United States‚Äô external relations with another nation; the external relations of one state with another; or relations between groups. This includes trade agreements and outcomes, comparisons of policy outcomes or desired policy outcomes.
OTHER: Any topic that does not fit into the above categories.

Now, which of the bellow frames best fit the following tweet? Answer with only the option below that is most accurate and nothing else.

A: ECONOMY 
B: MORALITY
C: FAIRNESS AND EQUALITY
D: POLICY PRESCRIPTION AND EVALUATION 
E: LAW AND ORDER, CRIME AND JUSTICE
F: SECURITY AND DEFENSE
G: HEALTH AND SAFETY
H: QUALITY OF LIFE
I: POLITICAL
J: EXTERNAL REGULATION AND REPUTATION
K: OTHER

{text}","‚ÄúContent moderation‚Äù refers to the practice of screening and monitoring content posted by users on social media sites to determine if the content should be published or not, based on specific rules and guidelines.

I will ask you to classify a tweet as one of the frames defined below:

ECONOMY: The costs, benefits, or monetary/financial implications of the issue (to an individual, family, community, or to the economy as a whole).
MORALITY: Any perspective‚Äîor policy objective or action (including proposed action)that is compelled by religious doctrine or interpretation, duty, honor, righteousness or any other sense of ethics or social responsibility.
FAIRNESS AND EQUALITY: Equality or inequality with which laws, punishment, rewards, and resources are applied or distributed among individuals or groups. Also the balance between the rights or interests of one individual or group compared to another individual or group.
POLICY PRESCRIPTION AND EVALUATION: Particular policies proposed for addressing an identified problem, and figuring out if certain policies will work, or if existing policies are effective.
LAW AND ORDER, CRIME AND JUSTICE: Specific policies in practice and their enforcement, incentives, and implications. Includes stories about enforcement and interpretation of laws by individuals and law enforcement, breaking laws, loopholes, fines, sentencing and punishment. Increases or reductions in crime.
SECURITY AND DEFENSE: Security, threats to security, and protection of one‚Äôs person, family, in-group, nation, etc. Generally an action or a call to action that can be taken to protect the welfare of a person, group, nation sometimes from a not yet manifested threat.
HEALTH AND SAFETY: Health care access and effectiveness, illness, disease, sanitation, obesity, mental health effects, prevention of or perpetuation of gun violence, infrastructure and building safety.
QUALITY OF LIFE: The effects of a policy on individuals‚Äô wealth, mobility, access to resources, happiness, social structures, ease of day-to-day routines, quality of community life, etc.
POLITICAL: Any political considerations surrounding an issue. Issue actions or efforts or stances that are political, such as partisan filibusters, lobbyist involvement, bipartisan efforts, deal-making and vote trading, appealing to one's base, mentions of political maneuvering. Explicit statements that a policy issue is good or bad for a particular political party.
EXTERNAL REGULATION AND REPUTATION: The United States‚Äô external relations with another nation; the external relations of one state with another; or relations between groups. This includes trade agreements and outcomes, comparisons of policy outcomes or desired policy outcomes.
OTHER: Any topic that does not fit into the above categories.

The following tweets are some examples of these frames in the form of question and answer:

Question: TY @AGSchneiderman for your investigation into red light camera violations by school bus companies. Our children‚Äôs safety is paramount. https://t.co/CVLj7Lk6r4

Answer: G

Question: Had a huge turnout for the #GrowWithGoogle digital skills event, which I hosted with @google today in Charleston! Programs like this one will help strengthen our workforce &amp; create a brighter economic future for West Virginians. https://t.co/3ma7Mv1EBR

Answer: A

Question: On the floor about to offer and speak on my amendment to eliminate subsistence fees at BOP halfway houses, which house DC Code felons.

Answer: D

Question: It is refreshing that the #JointAddress tonight was a call to unite the country around a strategy for a stronger, brighter future.

Answer: I

Question: Today we remember and honor the men and women of our Armed Forces who remain missing in action or prisoners of war. #POWMIARecognitionDay https://t.co/D9z1akkjKW

Answer: F

Question: No longer can POTUS pretend that Putin‚Äôs Russia was not responsible for cyberattacks targeting the 2016 election. Today‚Äôs indictments are another example of why the Mueller investigation must continue unimpeded. The American people need to learn the truth. https://t.co/mYwE4p4jR4

Answer: J

Question: Women have a valuable place in STEAM fields‚Äîlet‚Äôs make sure they have a seat at the table. https://t.co/LhOawvSszP

Answer: C

Question: BREAKING: @HouseIntelComm Chairman Conaway just announced that the Committee is closing the ""Russian collusion"" investigation, having found zero evidence of any collusion between the Trump campaign and Russians. Case closed. It's time we return focus to the people's agenda.

Answer: E

Question: The Trump-Sessions ""zero tolerance"" family separation border policies are not required, right or moral. https://t.co/aAFX8Q6eKT

Answer: B

Question: Glad to work with @TomRooney @RepSeanMaloney @RepStefanik on this bipartisan bill to help our homeless veterans. #HousingOurHeroes

Answer: H

Question: Prayers to my dear friend @SteveScalise &amp;all injured after this morning's horrific shooting.Thinking of their families in this shocking time

Answer: K

Now, which of the bellow frames best fit the following tweet? Answer with only the option below that is most accurate and nothing else.

A: ECONOMY 
B: MORALITY
C: FAIRNESS AND EQUALITY
D: POLICY PRESCRIPTION AND EVALUATION 
E: LAW AND ORDER, CRIME AND JUSTICE
F: SECURITY AND DEFENSE
G: HEALTH AND SAFETY
H: QUALITY OF LIFE
I: POLITICAL
J: EXTERNAL REGULATION AND REPUTATION
K: OTHER

{text}","‚ÄúContent moderation‚Äù refers to the practice of screening and monitoring content posted by users on social media sites to determine if the content should be published or not, based on specific rules and guidelines.

I will ask you to classify a tweet as one of the frames defined below:

ECONOMY: The costs, benefits, or monetary/financial implications of the issue (to an individual, family, community, or to the economy as a whole).
MORALITY: Any perspective‚Äîor policy objective or action (including proposed action)that is compelled by religious doctrine or interpretation, duty, honor, righteousness or any other sense of ethics or social responsibility.
FAIRNESS AND EQUALITY: Equality or inequality with which laws, punishment, rewards, and resources are applied or distributed among individuals or groups. Also the balance between the rights or interests of one individual or group compared to another individual or group.
POLICY PRESCRIPTION AND EVALUATION: Particular policies proposed for addressing an identified problem, and figuring out if certain policies will work, or if existing policies are effective.
LAW AND ORDER, CRIME AND JUSTICE: Specific policies in practice and their enforcement, incentives, and implications. Includes stories about enforcement and interpretation of laws by individuals and law enforcement, breaking laws, loopholes, fines, sentencing and punishment. Increases or reductions in crime.
SECURITY AND DEFENSE: Security, threats to security, and protection of one‚Äôs person, family, in-group, nation, etc. Generally an action or a call to action that can be taken to protect the welfare of a person, group, nation sometimes from a not yet manifested threat.
HEALTH AND SAFETY: Health care access and effectiveness, illness, disease, sanitation, obesity, mental health effects, prevention of or perpetuation of gun violence, infrastructure and building safety.
QUALITY OF LIFE: The effects of a policy on individuals‚Äô wealth, mobility, access to resources, happiness, social structures, ease of day-to-day routines, quality of community life, etc.
POLITICAL: Any political considerations surrounding an issue. Issue actions or efforts or stances that are political, such as partisan filibusters, lobbyist involvement, bipartisan efforts, deal-making and vote trading, appealing to one's base, mentions of political maneuvering. Explicit statements that a policy issue is good or bad for a particular political party.
EXTERNAL REGULATION AND REPUTATION: The United States‚Äô external relations with another nation; the external relations of one state with another; or relations between groups. This includes trade agreements and outcomes, comparisons of policy outcomes or desired policy outcomes.
OTHER: Any topic that does not fit into the above categories.

The following tweets are some examples of these frames in the form of question and answer:

Question: TY @AGSchneiderman for your investigation into red light camera violations by school bus companies. Our children‚Äôs safety is paramount. https://t.co/CVLj7Lk6r4

Answer: The frame that best fits this text is ""HEALTH AND SAFETY"". This is because the text is expressing concern for the safety of children riding on school buses, which is a health and safety issue. Additionally, the tweet is thanking Attorney General Eric Schneiderman for investigating red light camera violations by school bus companies, implying that there may be safety violations happening that need to be addressed.

Question: Had a huge turnout for the #GrowWithGoogle digital skills event, which I hosted with @google today in Charleston! Programs like this one will help strengthen our workforce &amp; create a brighter economic future for West Virginians. https://t.co/3ma7Mv1EBR

Answer: The best-fitted frame for the given text is ECONOMY. The text talks about a digital skills event hosted by the author along with Google to strengthen the workforce, which indicates that the author is concerned about economic growth and creating a better future for West Virginians.

Question: On the floor about to offer and speak on my amendment to eliminate subsistence fees at BOP halfway houses, which house DC Code felons.

Answer: Based on the provided text, the most accurate frame would be: POLICY PRESCRIPTION AND EVALUATION. The text mentions the speaker's intention to offer an amendment to eliminate subsistence fees at BOP halfway houses that house DC Code felons. This indicates a specific policy proposal aimed at addressing a problem related to subsistence fees for felons in halfway houses. Therefore, it falls under the frame of policy prescription and evaluation.

Question: It is refreshing that the #JointAddress tonight was a call to unite the country around a strategy for a stronger, brighter future.

Answer: Based on the provided text, the most accurate frame would be: POLITICAL. The text refers to the #JointAddress, which typically refers to a political event where the President of the United States addresses the nation. It mentions the call to unite the country around a strategy for a stronger, brighter future, which indicates a political consideration aimed at rallying support and fostering unity. Therefore, the text falls under the frame of political considerations.

Question: Today we remember and honor the men and women of our Armed Forces who remain missing in action or prisoners of war. #POWMIARecognitionDay https://t.co/D9z1akkjKW

Answer: The text you provided can be classified under the frame of SECURITY AND DEFENSE. It is a statement that acknowledges and honors the men and women of the Armed Forces who are missing in action or prisoners of war. It emphasizes the importance of remembering and honoring their sacrifice, which relates to the protection and welfare of individuals and the nation's security.

Question: No longer can POTUS pretend that Putin‚Äôs Russia was not responsible for cyberattacks targeting the 2016 election. Today‚Äôs indictments are another example of why the Mueller investigation must continue unimpeded. The American people need to learn the truth. https://t.co/mYwE4p4jR4

Answer: The following frame is the best fit: EXTERNAL REGULATION AND REPUTATION: The text highlights the responsibility of Putin's Russia for cyberattacks targeting the 2016 election and emphasizes the need for the Mueller investigation to continue unimpeded. It mentions the truth that the American people need to learn. This relates to the external relations and reputation of the United States and its interactions with another nation (Russia) in the context of cyberattacks and election interference.

Question: Women have a valuable place in STEAM fields‚Äîlet‚Äôs make sure they have a seat at the table. https://t.co/LhOawvSszP

Answer: Based on the provided text, the most accurate classification would be: FAIRNESS AND EQUALITY. The text emphasizes the importance of ensuring women have a seat at the table in STEAM (Science, Technology, Engineering, Arts, and Mathematics) fields. It addresses the equality or inequality of opportunities and representation for women in these fields, highlighting the need for fairness and equal participation.

Question: BREAKING: @HouseIntelComm Chairman Conaway just announced that the Committee is closing the ""Russian collusion"" investigation, having found zero evidence of any collusion between the Trump campaign and Russians. Case closed. It's time we return focus to the people's agenda.

Answer: The text can be classified under the following frame: LAW AND ORDER, CRIME AND JUSTICE. The text mentions the investigation into ""Russian collusion"" and the finding of zero evidence of collusion between the Trump campaign and Russians. It highlights the closure of the investigation and suggests a shift in focus to the people's agenda. This classification relates to specific policies in practice (investigation), enforcement (finding of evidence), and implications (closure) within the realm of law and order, crime, and justice.

Question: The Trump-Sessions ""zero tolerance"" family separation border policies are not required, right or moral. https://t.co/aAFX8Q6eKT

Answer: Based on the provided text, the best fit among the defined frames would be: MORALITY. The text expresses a perspective on the Trump-Sessions ""zero tolerance"" family separation border policies, stating that they are not required, right, or moral. This indicates a moral evaluation of the policies based on ethics and social responsibility.

Question: Glad to work with @TomRooney @RepSeanMaloney @RepStefanik on this bipartisan bill to help our homeless veterans. #HousingOurHeroes

Answer: The text highlights a bipartisan bill aimed at helping homeless veterans, which directly relates to improving the quality of life for these individuals. The focus is on the effects of the policy on individuals' well-being, access to resources, and housing stability.
Therefore, the frame ""QUALITY OF LIFE"" is the most accurate classification for the given text.

Question: Prayers to my dear friend @SteveScalise &amp;all injured after this morning's horrific shooting.Thinking of their families in this shocking time

Answer: The text expresses sympathy and concern for the injured individuals and their families after a shooting incident, but it doesn't explicitly address the broader implications or aspects related to economy, morality, fairness and equality, policy prescription and evaluation, law and order, crime and justice, health and safety, quality of life, political considerations, external regulation and reputation, or any other specific frame. Therefore, the most accurate classification for this text would be ""OTHER,"" as it doesn't fit into the predefined frames provided.

Now, which of the bellow frames best fit the following tweet? Answer with only the option below that is most accurate and nothing else.

A: ECONOMY 
B: MORALITY
C: FAIRNESS AND EQUALITY
D: POLICY PRESCRIPTION AND EVALUATION 
E: LAW AND ORDER, CRIME AND JUSTICE
F: SECURITY AND DEFENSE
G: HEALTH AND SAFETY
H: QUALITY OF LIFE
I: POLITICAL
J: EXTERNAL REGULATION AND REPUTATION
K: OTHER

{text}","A, B, C, D, E, F, G, H, I, J, K","ECONOMY; MORALITY; FAIRNESS AND EQUALITY; POLICY PRESCRIPTION AND EVALUATION; LAW AND ORDER, CRIME AND JUSTICE; SECURITY AND DEFENSE; HEALTH AND SAFETY; QUALITY OF LIFE; POLITICAL; EXTERNAL REGULATION AND REPUTATION; OTHER
",frame
1,4,ds_1__task_4__training_data_stance_final.csv,"‚ÄúContent moderation‚Äù refers to the practice of screening and monitoring content posted by users on social media sites to determine if the content should be published or not, based on specific rules and guidelines. In the context of content moderation, Section 230 is a law in the United States that protects websites and other online platforms from being held legally responsible for the content posted by their users. This means that if someone posts something illegal or harmful on a website, the website itself cannot be sued for allowing it to be posted. However, websites can still choose to moderate content and remove anything that violates their own policies.

I will ask you to classify a tweet as 'IN FAVOR OF', 'AGAINST', or 'NEUTRAL' about Section 230:

A: ‚ÄúIN FAVOR  OF‚Äù expresses approval for Section 230 and/or advocates keeping Section 230
B: ‚ÄúAGAINST‚Äù expresses disapproval towards Section 230 and/or advocates repealing Section 230
C: ‚ÄúNEUTRAL‚Äù discusses Section 230 without expressing approval or disapproval towards it

Now, is the following tweet IN FAVOR OF, AGAINST, or NEUTRAL about Section 230?

{text}","‚ÄúContent moderation‚Äù refers to the practice of screening and monitoring content posted by users on social media sites to determine if the content should be published or not, based on specific rules and guidelines. In the context of content moderation, Section 230 is a law in the United States that protects websites and other online platforms from being held legally responsible for the content posted by their users. This means that if someone posts something illegal or harmful on a website, the website itself cannot be sued for allowing it to be posted. However, websites can still choose to moderate content and remove anything that violates their own policies.

I will ask you to classify a tweet as 'IN FAVOR OF', 'AGAINST', or 'NEUTRAL' about Section 230:

A: ‚ÄúIN FAVOR  OF‚Äù expresses approval for Section 230 and/or advocates keeping Section 230
B: ‚ÄúAGAINST‚Äù expresses disapproval towards Section 230 and/or advocates repealing Section 230
C: ‚ÄúNEUTRAL‚Äù discusses Section 230 without expressing approval or disapproval towards it

The following tweets are some examples of texts ‚ÄúIN FAVOR OF‚Äù ,‚ÄúAGAINST‚Äù or ‚ÄúNEUTRAL‚Äù about section230 in the form of question and answer:

Question: #Section230 is poorly understood by lawmakers on both sides of the aisle, and it is dangerous for them to use it as a political football. To save online free speech, we must #Protect230 Contact lawmakers: https://t.co/ldSL75knH4

Answer: A

Question: Facebook and Twitter CEOs warn against demolishing Section 230, the law that shields tech giants https://t.co/CItuLmTTxE by @alexiskweed https://t.co/7Y6eG19YoZ

Answer: A

Question: How do we get big tech companies like Twitter to abide by the spirit of the 1st Amendment, or moderate content by a set of clear and definable standards? Canyon Brimhall joins in the third episode of our series on big tech, free speech, and Section 230. https://t.co/RfoJVuQPEh https://t.co/FheCcceTMr

Answer: C

Question: I sat down with the Meme King himself @bennyjohnson in Washington, DC to discuss Big Tech, Social Media Censorship and its impact on the election, Section 230, 
PLEASE DO NOT MISS THIS! https://t.co/ETWKY16J8d

Answer: C

Question: @JoeBiden Trump MUST be re-elected. We MUST vote in GOP in the House, keep the Senate and we MUST eliminate Section 230 protections for big tech social media! Social media &amp; Corporate America will kill our free speech! BLM is a Marxist group looking to DESTROY USA! https://t.co/R37Qi2rlNy

Answer: B

Question: BREAKING: Supreme Court Justice Clarence Thomas finds social media companies do not have First Amendment right to ban protected speech and that Section 230 is unconstitutional

Answer: B

Now, is the following tweet IN FAVOR OF, AGAINST, or NEUTRAL about Section 230?

{text}","‚ÄúContent moderation‚Äù refers to the practice of screening and monitoring content posted by users on social media sites to determine if the content should be published or not, based on specific rules and guidelines. In the context of content moderation, Section 230 is a law in the United States that protects websites and other online platforms from being held legally responsible for the content posted by their users. This means that if someone posts something illegal or harmful on a website, the website itself cannot be sued for allowing it to be posted. However, websites can still choose to moderate content and remove anything that violates their own policies.

I will ask you to classify a tweet as 'IN FAVOR OF', 'AGAINST', or 'NEUTRAL' about Section 230:

A: ‚ÄúIN FAVOR  OF‚Äù expresses approval for Section 230 and/or advocates keeping Section 230
B: ‚ÄúAGAINST‚Äù expresses disapproval towards Section 230 and/or advocates repealing Section 230
C: ‚ÄúNEUTRAL‚Äù discusses Section 230 without expressing approval or disapproval towards it

The following tweets are some examples of texts ‚ÄúIN FAVOR OF‚Äù ,‚ÄúAGAINST‚Äù or ‚ÄúNEUTRAL‚Äù about section230 in the form of question and answer:

Question: #Section230 is poorly understood by lawmakers on both sides of the aisle, and it is dangerous for them to use it as a political football. To save online free speech, we must #Protect230 Contact lawmakers: https://t.co/ldSL75knH4

Answer: The provided text is in favor of Section 230 and advocates keeping it. The use of the hashtag #Protect230 and the statement ""To save online free speech, we must #Protect230"" indicate support for the law and its role in preserving online free speech. Therefore, the text can be classified as ""IN FAVOR OF"" Section 230.

Question: Facebook and Twitter CEOs warn against demolishing Section 230, the law that shields tech giants https://t.co/CItuLmTTxE by @alexiskweed https://t.co/7Y6eG19YoZ

Answer: The provided text is in favor of Section 230. It mentions that the CEOs of Facebook and Twitter are warning against demolishing Section 230, indicating their support for the law. Therefore, the text can be classified as ""IN FAVOR OF"" Section 230.

Question: How do we get big tech companies like Twitter to abide by the spirit of the 1st Amendment, or moderate content by a set of clear and definable standards? Canyon Brimhall joins in the third episode of our series on big tech, free speech, and Section 230. https://t.co/RfoJVuQPEh https://t.co/FheCcceTMr

Answer: The provided text discusses the need for big tech companies to abide by the spirit of the First Amendment and moderate content according to clear and definable standards. It mentions Section 230 in the context of a discussion about big tech, free speech, and content moderation. The text does not express explicit approval or disapproval towards Section 230 itself but raises the question of how to ensure big tech companies adhere to the principles of the First Amendment. Therefore, the text can be classified as ""NEUTRAL"" about Section 230.

Question: I sat down with the Meme King himself @bennyjohnson in Washington, DC to discuss Big Tech, Social Media Censorship and its impact on the election, Section 230, 
PLEASE DO NOT MISS THIS! https://t.co/ETWKY16J8d

Answer: The provided text does not clearly express whether it is in favor of or against Section 230. It discusses various topics such as Big Tech, social media censorship, Section 230, and its impact on the election without explicitly stating approval or disapproval towards Section 230. Therefore, the text can be classified as ""NEUTRAL"" about Section 230.

Question: @JoeBiden Trump MUST be re-elected. We MUST vote in GOP in the House, keep the Senate and we MUST eliminate Section 230 protections for big tech social media! Social media &amp; Corporate America will kill our free speech! BLM is a Marxist group looking to DESTROY USA! https://t.co/R37Qi2rlNy

Answer: The provided text is against Section 230. It advocates for eliminating Section 230 protections for big tech social media and expresses concerns about the impact of social media and corporate America on free speech. Therefore, the text can be classified as ""AGAINST"" Section 230.

Question: BREAKING: Supreme Court Justice Clarence Thomas finds social media companies do not have First Amendment right to ban protected speech and that Section 230 is unconstitutional

Answer: The provided text expresses a critical stance towards Section 230 by stating that Supreme Court Justice Clarence Thomas finds it unconstitutional and that social media companies do not have a First Amendment right to ban protected speech. Therefore, the text can be classified as ""AGAINST"" Section 230.

Now, is the following tweet IN FAVOR OF, AGAINST, or NEUTRAL about Section 230?

{text}","A, B, C",IN FAVOR OF; AGAINST; NEUTRAL,stance_ra
1,5,ds_1__task_5__training_data_topics_final.csv,"‚ÄúContent moderation‚Äù refers to the practice of screening and monitoring content posted by users on social media sites to determine if the content should be published or not, based on specific rules and guidelines.

I will ask you to classify a tweet as of the topics described below:

A: Section 230, which is a law in the United States that protects websites and other online platforms from being held legally responsible for the content posted by their users (SECTION 230). 
B: Trump ban, the decision by many social media platforms, such as Twitter and Facebook, to suspend Donald Trump‚Äôs account.
C: Twitter Support, requests directed to Twitter‚Äôs support account or help center.
D: Platform Policies, which is social media platforms‚Äô policies and practices, such as community guidelines or terms of service.
E: Complaint, which is general or personal complaints about platform‚Äôs policy and practices in deplatforming and content moderation or suggestions to suspend particular accounts, or complaints about accounts being suspended or reported.
F: Other, if a text is not about the SECTION 230, COMPLAINTS, TRUMP BAN, TWITTER SUPPORT, and PLATFORM POLICIES, then it should be classified in OTHER class.

Now, is the following tweet about SECTION 230, TRUMP BAN, COMPLAINTS, TWITTER SUPPORT, PLATFORM POLICIES, or OTHER?

{text}","‚ÄúContent moderation‚Äù refers to the practice of screening and monitoring content posted by users on social media sites to determine if the content should be published or not, based on specific rules and guidelines.

I will ask you to classify a tweet as of the topics described below:

A: Section 230, which is a law in the United States that protects websites and other online platforms from being held legally responsible for the content posted by their users (SECTION 230). 
B: Trump ban, the decision by many social media platforms, such as Twitter and Facebook, to suspend Donald Trump‚Äôs account.
C: Twitter Support, requests directed to Twitter‚Äôs support account or help center.
D: Platform Policies, which is social media platforms‚Äô policies and practices, such as community guidelines or terms of service.
E: Complaint, which is general or personal complaints about platform‚Äôs policy and practices in deplatforming and content moderation or suggestions to suspend particular accounts, or complaints about accounts being suspended or reported.
F: Other, if a text is not about the SECTION 230, COMPLAINTS, TRUMP BAN, TWITTER SUPPORT, and PLATFORM POLICIES, then it should be classified in OTHER class.

The following tweets are some examples of the topics described above in the form of question and answer:

Question: @TangledUpInDead @soupmaned @jkosseff @jenniferm_q The referenced case has absolutely nothing to do with Section 230.

Answer: A

Question: @LindseyGrahamSC The fact that you call it a ‚Äúdemand‚Äù is abhorrent! The American people deserve the support of their government and $2,000 pp is well overdue. The fact it will be held hostage unless Section 230 is addressed is horseshit! #humanroulette #americansaredyingtrumpkeepslying

Answer: A

Question: @YourAnonCentral Hack Twitter and Ban Trump

Answer: B

Question: Russian-made #Telegram messenger shoots to top of US app charts, amid fears of wider social media crackdown following Trump ban ‚Äî RT Russia &amp; Former Soviet Union https://t.co/3HGLCNNJ2T

Answer: B

Question: Twitter decided to ban Mike Lindell, who founded bedding company My Pillow, due to ‚Äúrepeated violations‚Äù of its civic integrity policy, a spokesperson said in a statement. The policy was implemented last September and is targeted at fighting disinformation https://t.co/lM2FeHuv3f

Answer: D

Question: Twitter To Introduce This New Feature To Curb The Spread Of Fake, Harmful Content. https://t.co/TqHeINqeQzhttps://t.co/SrwaCC5fdL So many #cherries to choose from this season! Choose your favourite or get them all on https://t.co/gAhHib40nQ. CherrySeason #FreshFruits #superplum #FarmFresh #VocalForLocal #StellaCherries #OrderOnline #HomeDelivery #BlackCherries #MerchantCherries https://t.co/WNpIDh72p3

Answer: D

Question: This post has been up 24 minutes and has 12 impressions @Twitter @TwitterSupport. I have 3800 followers. This number is about 95% off where it should be Why are you secretly shadow banning me? https://t.co/l1oF7lqraJ

Answer: C

Question: Using a criminal's picture insulting our history and culture this is where I should report this user to @Twitter @TwitterSupport for hateful content  and threatening #CyberSecurity https://t.co/KdIinpgMXf

Answer: C

Question: You may have agreed or disagreed with JD from NY, but I don't think anyone should celebrate deplatforming

Answer: E

Question: @dbongino I found out Twitter is shadowbanning me and I'm essentially a nobody.  How many other people with viewpoints they don't like and being placed behind a wall?

Answer: E

Question: @propjoesays Twitter needs to issue a blanket ban on this kind of fearmongering. Anyone engaging in voter suppression or questioning the integrity of elections needs to have their account suspended.

Answer: F

Question: Lots of people have been noticing that recently. They are big time shadow banning. It‚Äôs so obvious. There are people I follow who tweet a couple times and hour and thought they were off twitter because I haven‚Äôt seen a tweet in months https://t.co/IQkZ2346VB

Answer: F

Now, is the following tweet about SECTION 230, TRUMP BAN, COMPLAINTS, TWITTER SUPPORT, PLATFORM POLICIES, or OTHER?

{text}","‚ÄúContent moderation‚Äù refers to the practice of screening and monitoring content posted by users on social media sites to determine if the content should be published or not, based on specific rules and guidelines.

I will ask you to classify a tweet as of the topics described below:

A: Section 230, which is a law in the United States that protects websites and other online platforms from being held legally responsible for the content posted by their users (SECTION 230). 
B: Trump ban, the decision by many social media platforms, such as Twitter and Facebook, to suspend Donald Trump‚Äôs account.
C: Twitter Support, requests directed to Twitter‚Äôs support account or help center.
D: Platform Policies, which is social media platforms‚Äô policies and practices, such as community guidelines or terms of service.
E: Complaint, which is general or personal complaints about platform‚Äôs policy and practices in deplatforming and content moderation or suggestions to suspend particular accounts, or complaints about accounts being suspended or reported.
F: Other, if a text is not about the SECTION 230, COMPLAINTS, TRUMP BAN, TWITTER SUPPORT, and PLATFORM POLICIES, then it should be classified in OTHER class.

The following tweets are some examples of the topics described above in the form of question and answer:

Question: @TangledUpInDead @soupmaned @jkosseff @jenniferm_q The referenced case has absolutely nothing to do with Section 230.

Answer: Based on the provided text, it falls under the ""SECTION 230"" category. The text explicitly mentions Section 230 and states that the referenced case is unrelated to it.

Question: @LindseyGrahamSC The fact that you call it a ‚Äúdemand‚Äù is abhorrent! The American people deserve the support of their government and $2,000 pp is well overdue. The fact it will be held hostage unless Section 230 is addressed is horseshit! #humanroulette #americansaredyingtrumpkeepslying

Answer: Based on the provided text, it falls under the ""SECTION 230"" category. The text mentions Section 230 and expresses frustration about it being used as leverage to address other issues, specifically relating to the demand for $2,000 per person.

Question: @YourAnonCentral Hack Twitter and Ban Trump

Answer: Based on the given text, it would be classified as a statement related to ""TRUMP BAN,"" specifically mentioning hacking Twitter and advocating for the banning of Trump.

Question: Russian-made #Telegram messenger shoots to top of US app charts, amid fears of wider social media crackdown following Trump ban ‚Äî RT Russia &amp; Former Soviet Union https://t.co/3HGLCNNJ2T

Answer: Based on the given text, it would be classified as a statement related to ""TRUMP BAN."" The text discusses fears of a wider social media crackdown following Trump's ban and mentions the rise of the Russian-made Telegram messenger.

Question: Twitter decided to ban Mike Lindell, who founded bedding company My Pillow, due to ‚Äúrepeated violations‚Äù of its civic integrity policy, a spokesperson said in a statement. The policy was implemented last September and is targeted at fighting disinformation https://t.co/lM2FeHuv3f

Answer: This tweet appears to be more closely related to ""PLATFORM POLICIES"". The text discusses Twitter's decision to ban Mike Lindell based on violations of its civic integrity policy, which falls under the category of social media platforms' policies and practices.

Question: Twitter To Introduce This New Feature To Curb The Spread Of Fake, Harmful Content. https://t.co/TqHeINqeQzhttps://t.co/SrwaCC5fdL So many #cherries to choose from this season! Choose your favourite or get them all on https://t.co/gAhHib40nQ. CherrySeason #FreshFruits #superplum #FarmFresh #VocalForLocal #StellaCherries #OrderOnline #HomeDelivery #BlackCherries #MerchantCherries https://t.co/WNpIDh72p3

Answer: This tweet should be classified as ""PLATFORM POLICIES"". The text mentions Twitter's introduction of a new feature to curb the spread of fake and harmful content. This aspect relates to social media platform policies aimed at content moderation.

Question: This post has been up 24 minutes and has 12 impressions @Twitter @TwitterSupport. I have 3800 followers. This number is about 95% off where it should be Why are you secretly shadow banning me? https://t.co/l1oF7lqraJ

Answer: The text is about TWITTER SUPPORT. The author is addressing Twitter and TwitterSupport and complaining about a decrease in his/her number of followers, suggesting that he/she is being shadowbanned by Twitter. The use of the words ""impressions"" and ""followers"" suggests that the author is concerned with the platform's policies and practices regarding content moderation and deplatforming.

Question: Using a criminal's picture insulting our history and culture this is where I should report this user to @Twitter @TwitterSupport for hateful content  and threatening #CyberSecurity https://t.co/KdIinpgMXf

Answer: The tweet is about TWITTER SUPPORT because it mentions reporting a user to @Twitter and @TwitterSupport for hateful content and threatening #CyberSecurity. This indicates a request for assistance from Twitter's support team to moderate and remove potentially harmful content shared on the platform.

Question: You may have agreed or disagreed with JD from NY, but I don't think anyone should celebrate deplatforming

Answer: This text falls under the ""COMPLAINTS"" class as it expresses dissatisfaction with deplatforming and suggests that it should not be celebrated, but it does not refer specifically to any social media platform, policy, or practice.

Question: @dbongino I found out Twitter is shadowbanning me and I'm essentially a nobody.  How many other people with viewpoints they don't like and being placed behind a wall?

Answer: The given text is about COMPLAINTS. The text talks about an individual named ""@dbongino"" who has found out that Twitter has shadowbanned them, resulting in their tweets being placed behind a wall. The user expresses concern about how many other people with differing viewpoints might also be affected by Twitter's policies. This text is a complaint about Twitter's content moderation and deplatforming practices, and hence it falls under the COMPLAINTS category.

Question: @propjoesays Twitter needs to issue a blanket ban on this kind of fearmongering. Anyone engaging in voter suppression or questioning the integrity of elections needs to have their account suspended.

Answer: The text is not about the topics mentioned in the instructions, Instead, it is focused on a specific suggestion that Twitter should issue a blanket ban on certain types of content related to voter suppression and questioning the integrity of elections. As it does not fit into any of the given topic categories, it should be classified under OTHER.

Question: Lots of people have been noticing that recently. They are big time shadow banning. It‚Äôs so obvious. There are people I follow who tweet a couple times and hour and thought they were off twitter because I haven‚Äôt seen a tweet in months https://t.co/IQkZ2346VB

Answer: The tweet is more appropriately classified as ""OTHER."" It does not specifically mention Section 230, the Trump ban, Twitter support, or platform policies. Instead, it discusses shadow banning and the author's observation of decreased visibility of tweets from certain accounts. Since it does not align with any of the specified topics, ""OTHER"" is the most suitable classification.

Now, is the following tweet about SECTION 230, TRUMP BAN, COMPLAINTS, TWITTER SUPPORT, PLATFORM POLICIES, or OTHER?

{text}","A, B, C, D, E, F",Section 230; Trump ban; Twitter Support; Platform Policies; Complaint; Other,topic
1,6,ds_1__task_6__training_data_superframes_final.csv,"‚ÄúContent moderation‚Äù refers to the practice of screening and monitoring content posted by users on social media sites to determine if the content should be published or not, based on specific rules and guidelines.

I will ask you to classify a tweet as one of the super-frames defined below:

A: POLICY AND REGULATION if the tweet is on the topics of POLICY PRESCRIPTION AND EVALUATION, POLITICAL or EXTERNAL REGULATION AND REPUTATION, where POLICY PRESCRIPTION AND EVALUATION refers to Particular policies proposed for addressing an identified problem, and figuring out if certain policies will work, or if existing policies are effective; POLITICAL refers to Any political considerations surrounding an issue. Issue actions or efforts or stances that are political, such as partisan filibusters, lobbyist involvement, bipartisan efforts, deal-making and vote trading, appealing to one's base, mentions of political maneuvering. Explicit statements that a policy issue is good or bad for a particular political party; EXTERNAL REGULATION AND REPUTATION: The United States‚Äô external relations with another nation; the external relations of one state with another; or relations between groups. This includes trade agreements and outcomes, comparisons of policy outcomes or desired policy outcomes.

B: MORALITY AND LAW if the tweet is on the topics of MORALITY, FAIRNESS AND EQUALITY, LAW AND ORDER CRIME AND JUSTICE, CONSTITUTIONALITY AND JURISPRUDENCE or HEALTH AND SAFETY, where MORALITY refers to Any perspective‚Äîor policy objective or action (including proposed action)that is compelled by religious doctrine or interpretation, duty, honor, righteousness or any other sense of ethics or social responsibility; FAIRNESS AND EQUALITY refers to Equality or inequality with which laws, punishment, rewards, and resources are applied or distributed among individuals or groups. Also the balance between the rights or interests of one individual or group compared to another individual or group; LAW AND ORDER CRIME AND JUSTICE refers to Specific policies in practice and their enforcement, incentives, and implications. Includes stories about enforcement and interpretation of laws by individuals and law enforcement, breaking laws, loopholes, fines, sentencing and punishment. Increases or reductions in crime; CONSTITUTIONALITY AND JURISPRUDENCE refers to The constraints imposed on or freedoms granted to individuals, government, and corporations via the Constitution, Bill of Rights and other amendments, or judicial interpretation. This deals specifically with the authority of government to regulate, and the authority of individuals/corporations to act independently of government.; HEALTH AND SAFETY refers to Health care access and effectiveness, illness, disease, sanitation, obesity, mental health effects, prevention of or perpetuation of gun violence, infrastructure and building safety.

C: ECONOMICS if the tweet is on the topics of ECONOMY, PUBLIC OPINION, QUALITY OF LIFE, CAPACITY AND RESOURCES or SECURITY AND DEFENSE, where ECONOMY refers to The costs, benefits, or monetary/financial implications of the issue (to an individual, family, community, or to the economy as a whole); PUBLIC OPINION refers to References to general social attitudes, polling and demographic information, as well as implied or actual consequences of diverging from or getting ahead of public opinion or polls.; QUALITY OF LIFE refers to The effects of a policy on individuals‚Äô wealth, mobility, access to resources, happiness, social structures, ease of day-to-day routines, quality of community life, etc.; CAPACITY AND RESOURCES refers to The lack of or availability of physical, geographical, spatial, human, and financial resources, or the capacity of existing systems and resources to implement or carry out policy goals. SECURITY AND DEFENSE refers to Security, threats to security, and protection of one‚Äôs person, family, in-group, nation, etc. Generally an action or a call to action that can be taken to protect the welfare of a person, group, nation sometimes from a not yet manifested threat.

D OTHER for Any topic that does not fit into the above categories.

Now, which of the bellow frames best fit the following tweet? Answer with only the option below that is most accurate and nothing else.

A: POLICY AND REGULATION 
B: MORALITY AND LAW
C: ECONOMICS
D: OTHER

{text}","‚ÄúContent moderation‚Äù refers to the practice of screening and monitoring content posted by users on social media sites to determine if the content should be published or not, based on specific rules and guidelines.

I will ask you to classify a tweet as one of the super-frames defined below:

A: POLICY AND REGULATION if the tweet is on the topics of POLICY PRESCRIPTION AND EVALUATION, POLITICAL or EXTERNAL REGULATION AND REPUTATION, where POLICY PRESCRIPTION AND EVALUATION refers to Particular policies proposed for addressing an identified problem, and figuring out if certain policies will work, or if existing policies are effective; POLITICAL refers to Any political considerations surrounding an issue. Issue actions or efforts or stances that are political, such as partisan filibusters, lobbyist involvement, bipartisan efforts, deal-making and vote trading, appealing to one's base, mentions of political maneuvering. Explicit statements that a policy issue is good or bad for a particular political party; EXTERNAL REGULATION AND REPUTATION: The United States‚Äô external relations with another nation; the external relations of one state with another; or relations between groups. This includes trade agreements and outcomes, comparisons of policy outcomes or desired policy outcomes.

B: MORALITY AND LAW if the tweet is on the topics of MORALITY, FAIRNESS AND EQUALITY, LAW AND ORDER CRIME AND JUSTICE, CONSTITUTIONALITY AND JURISPRUDENCE or HEALTH AND SAFETY, where MORALITY refers to Any perspective‚Äîor policy objective or action (including proposed action)that is compelled by religious doctrine or interpretation, duty, honor, righteousness or any other sense of ethics or social responsibility; FAIRNESS AND EQUALITY refers to Equality or inequality with which laws, punishment, rewards, and resources are applied or distributed among individuals or groups. Also the balance between the rights or interests of one individual or group compared to another individual or group; LAW AND ORDER CRIME AND JUSTICE refers to Specific policies in practice and their enforcement, incentives, and implications. Includes stories about enforcement and interpretation of laws by individuals and law enforcement, breaking laws, loopholes, fines, sentencing and punishment. Increases or reductions in crime; CONSTITUTIONALITY AND JURISPRUDENCE refers to The constraints imposed on or freedoms granted to individuals, government, and corporations via the Constitution, Bill of Rights and other amendments, or judicial interpretation. This deals specifically with the authority of government to regulate, and the authority of individuals/corporations to act independently of government.; HEALTH AND SAFETY refers to Health care access and effectiveness, illness, disease, sanitation, obesity, mental health effects, prevention of or perpetuation of gun violence, infrastructure and building safety.

C: ECONOMICS if the tweet is on the topics of ECONOMY, PUBLIC OPINION, QUALITY OF LIFE, CAPACITY AND RESOURCES or SECURITY AND DEFENSE, where ECONOMY refers to The costs, benefits, or monetary/financial implications of the issue (to an individual, family, community, or to the economy as a whole); PUBLIC OPINION refers to References to general social attitudes, polling and demographic information, as well as implied or actual consequences of diverging from or getting ahead of public opinion or polls.; QUALITY OF LIFE refers to The effects of a policy on individuals‚Äô wealth, mobility, access to resources, happiness, social structures, ease of day-to-day routines, quality of community life, etc.; CAPACITY AND RESOURCES refers to The lack of or availability of physical, geographical, spatial, human, and financial resources, or the capacity of existing systems and resources to implement or carry out policy goals. SECURITY AND DEFENSE refers to Security, threats to security, and protection of one‚Äôs person, family, in-group, nation, etc. Generally an action or a call to action that can be taken to protect the welfare of a person, group, nation sometimes from a not yet manifested threat.

D OTHER for Any topic that does not fit into the above categories.

The following tweets are some examples of these frames in the form of question and answer:

Question: TY @AGSchneiderman for your investigation into red light camera violations by school bus companies. Our children‚Äôs safety is paramount. https://t.co/CVLj7Lk6r4

Answer: B

Question: Had a huge turnout for the #GrowWithGoogle digital skills event, which I hosted with @google today in Charleston! Programs like this one will help strengthen our workforce &amp; create a brighter economic future for West Virginians. https://t.co/3ma7Mv1EBR

Answer: C

Question: On the floor about to offer and speak on my amendment to eliminate subsistence fees at BOP halfway houses, which house DC Code felons.

Answer: A

Question: Prayers to my dear friend @SteveScalise &amp;all injured after this morning's horrific shooting.Thinking of their families in this shocking time

Answer: D

Now, which of the bellow frames best fit the following tweet? Answer with only the option below that is most accurate and nothing else.


A: POLICY AND REGULATION 
B: MORALITY AND LAW
C: ECONOMICS
D: OTHER


{text}",,"A, B, C, D",policy and regulation; morality and law; economics; other,frames_ra
